title,url
知乎每日精选,https://www.zhihu.com/rss
阮一峰的网络日志,https://www.ruanyifeng.com/blog/atom.xml
少数派,https://sspai.com/feed
美团技术团队,https://rsshub.app/meituan/tech/home
V2EX,https://v2ex.com/index.xml
酷壳 CoolShell,http://coolshell.cn/feed
爱范儿,https://www.ifanr.com/feed
知乎热榜,https://rsshub.app/zhihu/hotlist
南方周末新闻,https://rsshub.app/infzm/2
机核,https://www.gcores.com/rss
奇客 Solidot,https://www.solidot.org/index.rss
煎蛋热榜,https://rsshub.app/jandan/top
云风的 BLOG,http://blog.codingnow.com/atom.xml
知乎日报,https://rsshub.app/zhihu/daily
小众软件,http://feed.appinn.com/
极客公园,http://www.geekpark.net/rss
构建我的被动收入,https://www.bmpi.dev/index.xml
左岸读书,http://www.zreading.cn/feed
掘金前端,https://rsshub.app/juejin/category/frontend
虎嗅网,https://www.huxiu.com/rss/0.xml
36氪,https://36kr.com/feed
太隐,https://wangyurui.com/feed.xml
异次元软件世界,http://feed.iplaysoft.com/
DIYGod,https://diygod.me/atom.xml
Python 工匠,https://www.zlovezl.cn/feeds/latest/
bboysoul 的博客,https://www.bboy.app/atom.xml
程序员的喵,https://catcoding.me/atom.xml
微博热搜榜,https://rsshub.app/weibo/search/hot
胡涂说,https://hutusi.com/feed.xml
有赞技术团队,https://tech.youzan.com/rss/
张鑫旭,https://www.zhangxinxu.com/wordpress/feed/
HelloGitHub 月刊,http://hellogithub.com/rss
游戏研究社,https://www.yystv.cn/rss/feed
IT之家,https://www.ithome.com/rss/
IT之家 24 小时最热,https://rsshub.app/ithome/ranking/24h
Decohack,https://www.decohack.com/feed
月光博客,http://www.williamlong.info/rss.xml
透明创业实验,https://blog.t9t.io/atom.xml
卡瓦邦噶,https://www.kawabangga.com/feed
离别歌,https://www.leavesongs.com/feed/
风雪之隅,http://www.laruence.com/feed
理想生活实验室,https://www.toodaylab.com/feed
木遥的窗子,http://blog.farmostwood.net/feed
Mac玩儿法,http://www.waerfa.com/feed
Julia Evans,https://jvns.ca/atom.xml
CSS-Tricks,https://css-tricks.com/feed/
技术小黑屋,https://droidyue.com/atom.xml
端传媒 最新,https://plink.anyfeeder.com/initium/latest
机器之心,http://plink.anyfeeder.com/weixin/almosthuman2014
Xuanwo's Blog,https://xuanwo.io/index.xml
